1,"{B, D, H, J, M, P, T, W, Z, \, a, b, e, h, l, n}",republican,T1
2,"{B, D, H, J, M, P, T, W, Z, ], `, b, e, h, l, p}",republican,T2
3,"{C, D, G, L, M, P, T, W, Z, ], _, c, e, h, l, o}",democrat,T3
4,"{B, D, G, K, O, P, T, W, Z, ], _, c, e, i, l, n}",democrat,T4
5,"{A, D, G, K, M, P, T, W, Z, ], _, d, e, h, k, n}",democrat,T5
6,"{B, D, G, K, M, P, T, W, Z, ], `, c, e, h, k, n}",democrat,T6
7,"{B, D, H, J, M, P, T, W, Z, ], `, c, g, h, k, n}",democrat,T6
8,"{B, D, H, J, M, P, T, W, Z, ], `, c, e, h, m, n}",republican,T6
9,"{B, D, H, J, M, P, T, W, Z, ], `, b, e, h, l, n}",republican,T6
10,"{A, D, G, K, N, Q, S, V, Y, ], `, c, f, i, m, p}",democrat,T10
11,"{B, D, H, J, M, Q, T, W, Z, ], a, d, e, h, l, o}",republican,T11
12,"{B, D, H, J, M, P, T, W, Z, ], _, d, e, h, m, p}",republican,T12
13,"{B, D, G, K, N, Q, S, V, Y, ], `, c, e, i, m, p}",democrat,T10
14,"{A, D, G, K, N, P, S, V, [, \, _, d, f, i, k, p}",democrat,T14
15,"{B, D, H, J, M, P, T, W, Z, ], `, b, g, j, l, p}",republican,T6
16,"{B, D, H, J, M, P, T, W, Z, \, `, b, e, j, l, p}",republican,T16
17,"{A, E, G, K, N, P, T, V, [, \, _, b, g, i, l, n}",democrat,T17
18,"{A, F, G, K, N, Q, S, V, Y, ], `, c, e, i, k, n}",democrat,T18
19,"{B, D, H, J, M, P, T, W, Z, ], `, d, e, h, l, o}",republican,T11
20,"{A, D, G, K, N, Q, S, V, Y, ], _, c, f, i, k, n}",democrat,T10
21,"{A, D, G, K, N, R, S, V, Z, ], _, c, f, i, k, n}",democrat,T21
22,"{A, D, G, K, N, Q, S, V, Y, ], `, c, g, j, k, n}",democrat,T22
23,"{A, F, G, K, N, Q, S, V, Y, ], `, d, f, i, k, n}",democrat,T18
24,"{A, D, G, K, N, Q, S, V, Y, ], `, c, f, i, k, n}",democrat,T10
25,"{A, E, G, K, N, Q, S, V, Y, ], `, c, f, i, k, p}",democrat,T10
26,"{A, E, G, K, N, Q, S, V, Y, \, `, c, f, i, k, n}",democrat,T26
27,"{A, E, G, K, N, Q, S, V, Y, ], _, c, f, i, k, n}",democrat,T27
28,"{A, D, G, K, N, Q, S, V, Y, ], _, c, f, i, k, n}",democrat,T10
29,"{A, E, H, J, M, Q, S, V, Y, ], `, b, e, h, l, n}",republican,T29
30,"{A, D, G, K, N, Q, S, V, Y, ], _, c, f, i, k, n}",democrat,T10
31,"{B, D, H, J, M, P, T, W, Z, ], `, b, e, h, l, o}",republican,T11
32,"{A, D, G, K, N, Q, S, V, Y, ], _, c, f, i, k, p}",democrat,T10
33,"{A, D, G, K, N, Q, S, V, Y, \, `, c, e, i, k, n}",democrat,T26
34,"{B, D, H, J, M, P, T, W, Z, ], `, b, e, h, l, n}",republican,T6
35,"{A, D, G, K, N, Q, S, V, Y, ], `, c, f, i, k, n}",democrat,T10
36,"{B, D, H, J, M, P, T, W, Z, ], `, b, e, h, l, o}",republican,T11
37,"{A, F, H, J, M, P, T, W, Z, \, `, b, g, h, l, n}",republican,T37
38,"{A, D, H, J, M, P, T, W, Z, ], `, c, e, h, l, n}",republican,T6
39,"{B, D, H, J, M, P, T, W, Z, \, `, b, e, h, l, o}",republican,T16
40,"{A, E, G, K, N, Q, S, V, Y, \, _, c, e, i, k, n}",democrat,T26
41,"{A, D, G, K, N, Q, S, V, Y, ], a, c, f, i, l, p}",democrat,T10
42,"{A, D, G, K, N, Q, S, V, Y, ], `, c, f, i, k, p}",democrat,T10
43,"{A, E, G, K, N, Q, S, V, Y, ], `, c, f, i, l, n}",democrat,T26
44,"{A, E, G, K, N, Q, S, V, Y, ], `, c, f, i, k, n}",democrat,T44
45,"{A, D, G, K, N, Q, S, V, Y, ], _, c, f, i, l, p}",democrat,T10
46,"{A, D, G, K, N, Q, S, V, [, ], _, c, f, i, k, p}",democrat,T10
47,"{A, D, G, K, N, Q, S, V, Y, ], `, c, f, i, l, n}",democrat,T10
48,"{A, E, G, K, N, Q, S, V, [, ], `, c, f, i, l, p}",democrat,T48
49,"{A, D, G, K, N, Q, S, V, Z, ], `, c, f, h, l, n}",democrat,T49
50,"{B, F, H, J, M, P, T, W, Z, ], `, b, e, h, l, o}",republican,T11
51,"{A, D, G, K, N, Q, S, V, Y, ], _, c, f, i, k, n}",democrat,T10
52,"{B, D, H, J, M, P, T, X, Z, ], `, b, e, h, l, n}",republican,T6
53,"{A, D, G, K, N, Q, S, V, Y, ], `, c, f, i, m, p}",democrat,T10
54,"{A, D, H, J, M, P, T, W, Z, \, `, b, e, h, l, o}",republican,T16
55,"{A, D, G, K, N, P, U, V, Z, ], _, b, f, h, l, p}",democrat,T55
56,"{B, D, H, J, M, P, T, W, Z, \, _, b, e, h, l, o}",republican,T16
57,"{B, D, H, J, M, P, T, W, Z, \, _, b, e, h, l, n}",republican,T1
58,"{B, D, H, J, M, P, T, W, Z, \, `, b, e, h, l, n}",republican,T1
59,"{B, D, H, J, M, P, T, W, Z, \, `, b, e, h, l, n}",republican,T1
60,"{B, D, H, J, M, P, T, W, Z, \, `, b, e, h, l, p}",republican,T16
61,"{A, D, G, K, N, R, S, V, Y, \, `, c, f, i, k, p}",democrat,T61
62,"{B, D, H, J, M, P, T, W, Z, ], `, b, e, h, l, o}",republican,T11
63,"{A, D, G, K, N, Q, S, V, Y, ], `, c, f, i, l, p}",democrat,T10
64,"{A, D, G, K, N, Q, S, V, Y, ], _, c, f, i, l, n}",democrat,T10
65,"{A, D, G, K, N, Q, S, V, Y, ], _, d, f, i, l, n}",democrat,T10
66,"{A, D, H, J, M, P, S, W, Z, ], `, b, e, h, l, n}",republican,T6
67,"{B, D, H, J, M, P, S, W, Z, ], _, b, e, h, l, n}",republican,T6
68,"{B, D, H, J, M, P, T, W, Z, \, `, b, e, h, l, o}",republican,T16
69,"{A, F, G, K, N, Q, S, V, Y, ], `, c, e, i, k, n}",democrat,T18
70,"{A, D, G, K, N, Q, S, V, Y, ], `, c, f, i, k, n}",democrat,T10
71,"{A, E, G, K, N, Q, S, V, Y, ], `, c, e, i, k, p}",democrat,T10
72,"{A, D, G, J, N, Q, S, V, Y, \, _, c, f, h, l, n}",republican,T72
73,"{A, D, G, K, N, Q, S, V, Y, ], _, c, f, i, k, p}",democrat,T10
74,"{A, E, G, J, M, Q, S, W, Y, \, `, c, e, h, l, n}",republican,T74
75,"{A, E, G, K, N, P, S, V, Y, \, _, c, f, h, k, n}",democrat,T26
76,"{B, D, G, J, M, P, T, W, Z, \, _, c, e, h, l, o}",democrat,T16
77,"{B, D, G, K, M, P, T, W, Z, \, _, b, e, h, l, p}",democrat,T1
78,"{B, D, G, J, M, P, T, V, Y, \, _, b, e, h, l, n}",democrat,T78
79,"{A, D, G, K, M, P, T, W, Z, \, _, c, e, h, l, n}",democrat,T79
80,"{B, E, H, J, M, Q, T, W, Z, \, `, b, e, h, l, o}",republican,T80
81,"{A, E, G, K, N, P, S, V, Y, \, `, b, f, h, l, p}",democrat,T81
82,"{A, E, G, K, N, Q, S, V, [, \, _, b, f, h, l, n}",democrat,T82
83,"{B, E, H, J, M, P, T, W, Z, \, `, b, e, h, l, n}",republican,T1
84,"{B, E, H, J, M, P, T, W, Z, ], `, b, e, h, l, o}",republican,T11
85,"{B, F, H, J, M, P, T, W, Z, \, `, b, e, h, l, o}",republican,T85
86,"{B, E, G, K, M, P, T, W, Z, \, _, b, e, h, l, n}",democrat,T1
87,"{B, E, H, J, M, P, T, W, Z, \, `, b, e, h, l, o}",republican,T80
88,"{B, E, H, J, M, P, T, W, Z, ], `, b, e, h, l, o}",republican,T11
89,"{B, D, G, K, M, P, S, W, Y, \, _, c, e, h, l, n}",democrat,T89
90,"{B, E, H, J, M, P, T, W, Z, \, `, d, e, h, l, p}",republican,T90
91,"{A, E, G, K, N, Q, S, V, Y, \, `, c, f, i, k, n}",democrat,T26
92,"{A, E, G, K, N, Q, S, V, Y, \, _, c, f, i, k, n}",democrat,T26
93,"{A, D, G, K, N, Q, S, V, Z, \, _, c, f, j, k, n}",democrat,T93
94,"{A, E, G, K, N, Q, S, W, Y, \, _, c, f, i, k, n}",democrat,T26
95,"{A, E, G, K, M, P, T, W, Z, ], `, c, f, i, l, n}",democrat,T95
96,"{A, E, G, K, M, P, T, X, [, ], _, d, g, j, k, n}",democrat,T96
97,"{B, E, I, K, M, P, T, W, Z, ], _, b, e, h, l, n}",democrat,T97
98,"{A, E, H, K, M, P, S, W, Z, \, _, c, f, h, l, n}",democrat,T98
99,"{A, D, G, K, N, P, S, V, Y, \, `, c, f, i, l, n}",democrat,T99
100,"{B, E, H, J, M, P, T, W, Z, \, a, b, e, h, l, o}",republican,T80
101,"{A, E, H, K, M, P, T, W, Z, ], _, b, f, h, l, n}",democrat,T101
102,"{A, E, G, K, M, P, S, W, Z, ], _, c, f, h, l, n}",democrat,T98
103,"{A, E, G, K, M, P, S, W, [, ], _, c, e, h, k, p}",democrat,T103
104,"{A, E, H, K, M, P, U, W, [, ], `, c, f, h, m, o}",democrat,T104
105,"{C, F, I, L, N, P, S, V, Y, \, a, c, e, h, l, p}",democrat,T105
106,"{A, D, G, K, N, Q, T, V, Y, ], _, c, f, i, k, n}",democrat,T10
107,"{B, D, H, J, M, P, T, W, Z, ], `, b, e, h, l, n}",republican,T6
108,"{B, F, I, L, O, R, U, X, [, ^, a, d, g, h, m, p}",republican,T108
109,"{A, F, G, K, N, Q, S, V, Y, ], `, c, f, i, k, p}",democrat,T10
110,"{A, F, G, K, N, Q, S, V, Y, ], `, c, f, i, k, p}",democrat,T10
111,"{B, E, G, K, N, Q, S, V, Y, \, `, c, f, i, k, n}",democrat,T26
112,"{B, F, H, J, M, P, T, W, Z, \, `, b, e, h, l, n}",republican,T1
113,"{B, F, G, K, N, P, S, V, Z, \, `, c, f, i, k, p}",democrat,T113
114,"{B, F, H, J, M, P, T, W, Z, \, `, b, e, h, l, o}",republican,T85
115,"{A, F, G, K, N, Q, S, V, Y, ], `, c, f, i, k, p}",democrat,T10
116,"{B, F, G, K, O, R, S, V, Y, \, a, d, f, i, k, n}",democrat,T116
117,"{A, E, G, K, N, Q, S, V, Y, ], _, c, f, i, k, n}",democrat,T27
118,"{A, D, G, J, M, Q, S, W, Z, ], `, b, e, h, l, n}",republican,T6
119,"{B, D, G, K, N, Q, T, V, Y, \, _, c, f, i, k, n}",democrat,T119
120,"{B, E, H, J, M, P, T, W, Z, ], `, b, e, h, l, o}",republican,T11
121,"{B, F, I, J, M, P, T, W, Z, \, `, b, e, h, m, n}",republican,T121
122,"{B, F, H, J, M, P, T, W, Z, \, `, b, e, h, l, n}",republican,T1
123,"{B, E, H, J, M, P, T, W, Z, \, `, b, f, h, l, n}",republican,T1
124,"{A, F, H, J, M, P, T, V, Z, ], `, b, e, h, l, n}",republican,T124
125,"{B, F, G, K, N, Q, S, V, Y, ], `, c, f, i, k, n}",democrat,T18
126,"{B, F, H, J, M, P, T, W, Z, \, `, b, e, h, l, n}",republican,T1
127,"{B, F, H, J, M, P, T, W, Z, ], `, b, e, h, l, o}",republican,T11
128,"{B, F, G, K, N, Q, S, V, Y, \, _, c, f, h, k, n}",democrat,T119
129,"{B, F, G, K, N, P, T, V, Z, \, _, c, f, i, k, n}",democrat,T129
130,"{C, F, G, K, N, Q, S, V, [, ], a, d, g, j, m, p}",democrat,T130
131,"{A, F, G, K, O, R, S, V, Y, ], `, c, f, i, k, p}",democrat,T131
132,"{B, E, G, K, N, P, T, V, Y, \, `, c, f, h, l, n}",democrat,T81
133,"{B, E, H, J, M, P, T, W, Z, \, `, b, e, h, l, p}",republican,T90
134,"{B, E, H, J, M, P, T, W, Z, \, `, b, e, h, l, n}",republican,T1
135,"{B, E, H, J, M, P, T, W, Z, ], `, b, e, h, l, p}",republican,T11
136,"{B, E, H, J, M, P, T, W, Z, \, `, b, e, h, l, o}",republican,T80
137,"{B, D, H, J, M, P, T, W, Z, \, _, b, e, i, l, n}",republican,T1
138,"{B, F, G, K, N, P, S, V, Y, \, `, c, f, h, k, n}",democrat,T81
139,"{B, E, G, K, N, P, S, V, Y, \, `, c, f, h, l, n}",democrat,T81
140,"{A, E, G, K, N, P, S, V, Y, ], `, c, f, i, k, n}",democrat,T44
141,"{B, E, H, J, N, Q, S, V, Y, \, `, c, e, h, l, n}",republican,T29
142,"{B, E, H, J, M, P, S, V, Y, \, `, b, e, h, m, n}",republican,T29
143,"{B, E, H, J, M, P, S, V, Y, \, `, b, e, h, l, n}",republican,T29
144,"{C, D, H, K, N, Q, S, V, Y, \, _, c, f, h, k, n}",democrat,T119
145,"{B, F, H, K, N, P, S, V, Y, \, `, c, f, h, l, p}",democrat,T81
146,"{B, E, G, K, N, P, S, V, Y, \, `, c, f, h, m, n}",democrat,T81
147,"{B, D, H, J, M, P, T, W, Z, ], `, b, e, h, l, n}",republican,T6
148,"{B, E, H, K, N, Q, S, V, Y, \, `, b, e, h, k, n}",democrat,T29
149,"{B, D, H, J, M, P, T, W, Z, \, _, b, e, h, l, n}",republican,T1
150,"{B, E, G, K, N, Q, S, V, Y, \, `, c, e, i, k, n}",democrat,T26
151,"{A, D, H, J, M, P, T, W, Z, \, `, b, e, h, l, n}",republican,T151
152,"{A, D, I, J, M, P, T, W, Y, ], _, d, e, h, l, o}",democrat,T152
153,"{B, D, G, K, N, P, T, V, Y, \, _, c, e, i, k, n}",democrat,T129
154,"{B, E, G, K, N, P, S, V, Y, \, _, c, e, h, l, n}",democrat,T154
155,"{B, D, H, J, M, P, T, W, Z, ], `, b, e, h, l, o}",republican,T11
156,"{A, D, H, J, M, P, T, X, Z, ], _, b, e, h, l, o}",republican,T156
157,"{A, D, H, J, M, P, S, W, Z, ], `, b, e, h, l, o}",republican,T157
158,"{B, D, G, K, N, P, T, V, Y, ], _, c, g, j, m, p}",democrat,T158
159,"{B, D, H, J, M, P, T, W, Z, \, `, b, e, h, l, o}",republican,T16
160,"{B, D, G, K, O, P, S, V, Y, \, _, c, f, j, l, p}",democrat,T160
161,"{B, D, H, K, M, P, T, W, Z, ], `, b, e, h, k, n}",democrat,T161
162,"{B, E, H, K, M, P, S, W, Z, ], `, b, e, h, l, n}",democrat,T162
163,"{B, D, G, K, M, P, S, W, Z, ], _, b, e, h, l, n}",democrat,T163
164,"{B, D, H, J, M, P, S, W, Z, ], `, b, e, h, l, n}",republican,T6
165,"{A, D, H, K, M, P, T, W, Z, \, _, b, e, h, l, p}",democrat,T1
166,"{B, D, G, K, N, P, S, V, Y, \, _, c, e, i, k, p}",democrat,T166
167,"{A, E, G, J, M, P, S, V, Z, \, `, b, f, h, k, n}",republican,T167
168,"{A, E, G, J, M, P, S, V, Z, \, _, b, f, h, k, n}",republican,T167
169,"{B, E, G, J, M, P, T, W, Y, ], `, c, e, h, k, p}",democrat,T169
170,"{A, E, G, K, N, Q, S, V, Y, \, _, c, f, h, l, n}",democrat,T82
171,"{A, E, G, K, N, Q, U, V, Y, ^, `, c, f, i, k, p}",democrat,T10
172,"{B, F, H, J, M, P, T, W, Z, \, `, b, e, h, l, n}",republican,T1
173,"{B, D, G, K, N, Q, S, V, Y, \, `, c, g, i, k, n}",democrat,T26
174,"{B, E, H, K, M, P, T, W, Z, \, _, b, e, h, l, n}",democrat,T1
175,"{A, F, G, K, N, Q, S, V, Y, ], `, c, f, i, k, p}",democrat,T10
176,"{B, D, G, K, N, Q, S, V, Y, \, `, c, f, i, k, n}",democrat,T26
177,"{B, E, G, J, N, Q, S, V, Y, \, `, c, f, h, k, n}",republican,T177
178,"{B, E, G, K, N, Q, S, V, Y, \, _, d, f, i, k, n}",democrat,T26
179,"{C, E, G, K, N, Q, S, V, Y, \, _, d, f, i, k, p}",democrat,T179
180,"{A, E, G, K, N, Q, S, V, Y, \, `, c, f, i, k, n}",democrat,T26
181,"{C, F, G, K, N, Q, S, V, Y, ^, a, c, f, i, m, p}",democrat,T130
182,"{B, E, G, K, N, Q, S, V, Y, \, _, c, f, i, k, n}",democrat,T26
183,"{A, F, G, K, N, Q, S, V, Y, ], `, c, f, i, k, n}",democrat,T18
184,"{C, F, I, L, O, R, U, X, Y, ^, a, d, g, j, m, p}",democrat,T108
185,"{B, E, G, K, N, Q, S, V, Y, \, _, c, f, i, k, n}",democrat,T26
186,"{A, E, G, K, N, Q, S, V, Y, \, `, d, f, i, k, n}",democrat,T26
187,"{B, D, G, K, N, Q, S, V, Y, \, _, c, f, i, k, n}",democrat,T119
188,"{A, E, G, K, N, Q, S, V, Y, ], `, c, f, i, k, p}",democrat,T10
189,"{A, F, H, J, M, P, S, V, Z, ], `, b, g, h, m, p}",republican,T189
190,"{A, E, G, K, N, Q, S, V, Y, ], `, c, f, i, k, n}",democrat,T44
191,"{B, F, H, J, M, P, T, W, Z, ], `, b, e, h, l, p}",republican,T11
192,"{B, D, H, J, M, P, T, X, Z, \, `, b, e, h, l, p}",republican,T16
193,"{B, E, H, K, N, P, S, V, Y, ], _, c, f, h, k, n}",democrat,T193
194,"{B, E, G, K, N, Q, S, V, Y, ], `, c, f, i, k, n}",democrat,T26
195,"{B, E, G, K, N, P, S, X, Y, \, _, c, f, i, k, n}",democrat,T26
196,"{B, E, H, J, M, P, T, W, Z, ], `, b, e, h, l, p}",republican,T11
197,"{B, E, G, K, N, P, S, V, Y, ], _, b, f, h, k, p}",democrat,T193
198,"{B, F, G, J, M, P, T, W, Z, \, `, c, f, h, l, n}",republican,T198
199,"{B, E, G, K, N, Q, S, V, Y, \, _, c, g, i, k, p}",democrat,T179
200,"{A, D, H, K, N, Q, S, V, [, ], _, c, f, i, k, p}",democrat,T10
201,"{B, E, G, K, N, Q, S, V, Y, ], `, c, f, h, k, n}",democrat,T26
202,"{A, D, G, K, N, Q, S, V, Y, ], `, c, f, i, k, n}",democrat,T10
203,"{A, E, G, K, N, P, S, V, Y, \, _, c, f, i, k, n}",democrat,T26
204,"{A, E, G, K, N, Q, S, V, Y, \, `, c, f, i, k, n}",democrat,T26
205,"{B, E, G, J, M, P, S, W, Z, ], `, b, e, h, l, n}",republican,T162
206,"{B, E, G, K, N, P, S, V, Y, \, `, b, f, i, l, n}",democrat,T81
207,"{B, E, H, J, M, P, T, W, Z, \, `, b, f, h, l, n}",republican,T1
208,"{A, F, H, J, M, P, S, W, Z, \, `, b, e, h, l, n}",republican,T37
209,"{B, E, G, K, N, Q, S, V, Y, ], `, d, f, i, k, n}",democrat,T26
210,"{A, D, G, K, N, Q, S, V, Y, \, _, c, f, i, l, n}",democrat,T72
211,"{B, E, G, K, N, P, S, V, Y, ], `, c, f, i, k, n}",democrat,T26
212,"{B, D, H, J, M, P, T, W, Z, \, `, b, e, h, l, n}",republican,T1
213,"{B, E, G, K, N, Q, S, V, Y, ], _, c, f, i, k, n}",democrat,T26
214,"{B, D, G, K, N, P, T, V, Y, ], _, c, e, i, k, n}",democrat,T214
215,"{A, D, H, J, M, P, T, W, Z, \, `, b, e, h, l, n}",republican,T151
216,"{B, D, G, J, M, P, T, W, Z, \, _, b, e, h, k, p}",democrat,T1
217,"{A, D, G, K, M, P, T, W, [, \, `, c, f, h, k, p}",democrat,T217
218,"{B, D, H, J, M, P, T, W, Z, \, `, b, e, h, l, o}",republican,T16
219,"{A, F, G, K, N, Q, S, V, Y, ], a, c, f, i, k, p}",democrat,T10
220,"{B, D, G, K, N, Q, T, V, Y, ], _, c, f, h, k, n}",democrat,T193
221,"{B, E, G, K, N, Q, S, V, Y, ], `, c, f, i, k, p}",democrat,T10
222,"{B, D, G, K, M, P, T, W, Z, ], _, c, f, i, k, p}",democrat,T222
223,"{A, E, G, K, N, Q, S, V, Y, ], _, c, f, i, k, p}",democrat,T10
224,"{B, E, H, J, M, Q, T, W, Z, ], `, b, e, h, l, n}",republican,T224
225,"{B, D, H, J, M, P, T, W, Z, \, `, d, e, h, l, o}",republican,T225
226,"{B, F, H, J, M, P, T, W, Z, ], `, b, e, h, l, n}",republican,T226
227,"{B, E, G, K, N, P, S, V, Y, ], _, c, f, h, k, n}",democrat,T193
228,"{A, E, G, K, N, Q, S, V, Y, ], `, c, f, i, m, n}",democrat,T26
229,"{B, D, H, J, M, P, T, W, Z, ], `, b, e, j, l, n}",republican,T6
230,"{B, D, G, J, M, P, S, W, Y, \, `, b, e, h, l, n}",republican,T78
231,"{B, D, H, J, M, P, T, W, Z, ], `, b, e, h, l, n}",republican,T6
232,"{B, D, H, J, M, P, T, W, Y, \, `, b, e, h, l, n}",republican,T232
233,"{B, D, G, K, N, Q, S, V, Z, ], _, c, f, i, k, p}",democrat,T10
234,"{B, D, H, J, M, P, T, W, Z, \, `, b, e, h, l, n}",republican,T1
235,"{B, E, G, K, N, P, S, V, Y, \, `, b, f, h, k, p}",democrat,T81
236,"{B, E, H, J, M, P, T, W, Z, \, `, b, f, h, l, n}",republican,T1
237,"{B, E, G, K, N, Q, S, V, Y, ], `, c, f, i, k, n}",democrat,T26
238,"{A, E, G, K, N, P, S, V, Z, ], `, b, e, i, l, n}",democrat,T238
239,"{A, D, G, K, N, Q, S, V, [, \, `, c, f, i, k, p}",democrat,T61
240,"{B, E, H, J, M, P, S, W, Z, \, `, c, f, h, k, n}",republican,T240
241,"{B, E, H, J, N, P, S, X, Y, ], `, b, e, h, l, n}",republican,T241
242,"{A, E, G, K, N, Q, S, V, Y, \, _, c, f, h, k, n}",democrat,T26
243,"{B, E, H, K, M, P, S, W, Z, ], `, d, f, h, k, n}",republican,T243
244,"{B, D, G, K, N, Q, S, V, [, \, `, c, e, i, k, n}",democrat,T26
245,"{A, E, G, K, N, Q, T, V, Y, \, `, c, f, i, k, n}",democrat,T26
246,"{A, E, G, K, N, Q, S, V, Y, \, _, c, f, i, k, n}",democrat,T26
247,"{B, E, G, K, M, Q, S, V, Y, ], `, c, f, h, m, n}",democrat,T26
248,"{B, D, H, J, M, P, U, W, Z, ], `, d, e, h, l, o}",republican,T11
249,"{C, F, I, L, O, R, U, X, [, ^, a, d, g, j, m, p}",republican,T108
250,"{A, E, G, K, N, Q, S, V, [, ], _, c, f, i, k, n}",democrat,T27
251,"{B, D, H, J, M, P, T, W, Z, ], `, b, e, h, l, o}",republican,T11
252,"{B, D, H, J, M, P, T, W, Z, ], `, b, e, h, l, o}",republican,T11
253,"{A, D, G, K, N, P, S, V, Y, ], `, c, f, i, k, n}",democrat,T10
254,"{B, D, H, J, M, P, T, W, Z, ], `, b, e, h, l, n}",republican,T6
255,"{A, E, G, K, N, Q, S, V, Y, \, `, c, f, i, l, n}",democrat,T26
256,"{A, E, G, K, N, Q, S, V, Y, \, `, c, f, h, k, n}",democrat,T26
257,"{B, E, H, J, M, Q, T, W, Z, ], `, b, f, h, l, o}",republican,T257
258,"{B, E, H, J, M, Q, T, W, Z, ], `, b, f, h, m, n}",republican,T258
259,"{B, E, G, K, N, Q, S, V, Y, ], _, c, f, i, k, n}",democrat,T26
260,"{A, E, G, K, N, Q, S, V, Y, ], `, c, f, i, l, n}",democrat,T26
261,"{A, E, G, K, N, Q, S, V, Y, \, `, c, f, i, l, n}",democrat,T26
262,"{A, E, G, K, N, R, S, V, Y, ], a, d, f, j, m, p}",democrat,T262
263,"{A, E, G, K, N, Q, S, V, Y, \, `, c, g, i, k, n}",democrat,T26
264,"{A, E, G, K, N, Q, S, V, Y, ], `, c, f, i, k, p}",democrat,T10
265,"{A, E, G, K, N, Q, S, V, Y, ], `, c, f, i, k, p}",democrat,T10
266,"{A, E, G, K, N, Q, S, V, Y, \, `, c, f, i, l, n}",democrat,T26
267,"{B, E, H, J, M, P, T, W, Z, \, `, b, f, h, l, n}",republican,T1
268,"{A, E, H, K, N, Q, S, V, Y, \, `, c, f, h, l, n}",republican,T82
269,"{A, E, G, K, N, Q, S, V, Y, ], `, c, f, i, k, p}",democrat,T10
270,"{A, E, G, K, N, Q, S, V, Y, ], `, c, f, i, l, n}",democrat,T26
271,"{A, D, G, K, N, Q, S, V, Y, ], `, c, f, i, k, n}",democrat,T10
272,"{B, D, G, K, N, P, S, V, Y, ], a, c, f, i, l, n}",democrat,T272
273,"{A, E, G, K, N, Q, S, V, Y, \, `, c, f, i, k, p}",democrat,T10
274,"{B, E, H, J, M, Q, S, V, Z, \, `, b, e, h, m, n}",republican,T29
275,"{A, E, H, J, M, Q, S, W, Z, \, `, c, f, h, k, n}",republican,T240
276,"{B, E, G, K, M, P, T, W, Z, ], a, c, e, h, l, o}",democrat,T276
277,"{B, E, H, J, M, P, T, W, Z, ], `, b, e, h, k, o}",republican,T11
278,"{B, E, G, J, M, P, S, V, Z, \, `, c, f, h, l, n}",republican,T278
279,"{B, E, H, J, M, P, T, W, Z, ], `, b, e, h, l, n}",republican,T224
280,"{B, E, H, J, M, P, T, W, Z, \, `, b, e, h, l, o}",republican,T80
281,"{B, E, G, K, N, Q, S, V, Y, \, `, c, f, h, l, n}",democrat,T82
282,"{A, E, G, J, M, P, S, V, Z, ], `, c, f, h, l, p}",republican,T282
283,"{A, E, H, J, M, P, T, W, Z, \, `, d, e, h, l, o}",republican,T283
284,"{B, E, H, J, M, P, T, W, Z, ], `, b, e, h, l, n}",republican,T224
285,"{B, E, G, K, N, P, S, V, Y, \, _, c, f, i, m, n}",democrat,T26
286,"{B, E, G, K, N, P, S, V, Y, \, _, c, f, i, k, n}",democrat,T26
287,"{B, E, G, K, N, P, U, V, [, \, _, b, f, h, k, p}",democrat,T287
288,"{A, D, G, L, N, P, S, V, Y, ], _, c, e, i, m, n}",democrat,T288
289,"{A, D, G, K, M, P, T, V, Z, \, _, c, e, h, k, n}",democrat,T4
290,"{A, D, G, K, M, P, T, V, Z, \, _, c, e, h, l, p}",democrat,T290
291,"{A, E, G, K, O, P, U, V, Y, \, `, c, e, h, l, n}",democrat,T291
292,"{A, E, G, K, N, P, S, V, Y, \, `, d, f, h, l, n}",democrat,T81
293,"{A, E, G, K, N, P, S, V, Z, \, _, c, e, h, k, n}",democrat,T26
294,"{A, D, G, K, N, P, S, V, Y, \, _, c, e, h, k, n}",democrat,T294
295,"{B, D, G, K, N, P, S, V, Z, \, _, c, e, h, l, p}",democrat,T290
296,"{B, D, H, J, M, P, U, X, Z, \, `, b, g, j, m, p}",republican,T296
297,"{B, E, G, J, M, P, T, W, Z, \, `, b, e, h, k, n}",republican,T297
298,"{A, D, G, K, N, P, S, V, Y, \, `, c, g, i, k, p}",democrat,T61
299,"{B, D, H, K, N, Q, S, V, Y, \, _, c, f, i, k, n}",democrat,T119
300,"{B, D, G, K, N, P, S, V, Y, \, `, c, e, h, k, n}",democrat,T300
301,"{B, E, H, J, M, Q, S, V, Y, \, `, b, e, h, l, n}",republican,T29
302,"{B, E, I, K, N, P, S, V, Y, ], `, c, f, i, k, n}",democrat,T26
303,"{B, E, H, J, M, P, S, W, Z, \, `, b, e, h, l, n}",republican,T29
304,"{B, E, H, J, M, P, T, W, Z, ], `, b, e, h, l, o}",republican,T11
305,"{B, D, H, J, M, P, T, W, Z, \, `, b, e, h, l, p}",republican,T16
306,"{B, E, H, J, M, P, T, W, Z, \, `, b, e, h, l, o}",republican,T80
307,"{B, E, H, J, M, P, T, W, Z, ], `, b, e, h, l, o}",republican,T11
308,"{A, E, G, K, N, P, S, V, Y, ], `, c, f, h, l, p}",democrat,T308
309,"{B, E, H, J, M, P, T, W, Z, \, `, b, e, h, l, o}",republican,T80
310,"{A, E, H, K, N, P, S, V, Y, \, `, c, f, h, k, n}",democrat,T82
311,"{B, E, H, J, M, P, T, W, Z, \, `, b, e, h, k, o}",republican,T311
312,"{B, E, G, K, N, P, S, V, Y, \, `, c, e, i, l, n}",democrat,T81
313,"{A, D, G, K, N, Q, S, V, Y, \, `, c, f, i, k, n}",democrat,T26
314,"{B, D, G, J, M, P, T, W, Z, \, `, b, e, h, l, n}",republican,T314
315,"{B, D, H, J, M, P, S, V, Z, ], _, b, e, h, k, n}",republican,T6
316,"{B, D, G, J, M, P, S, X, Z, ], `, c, g, j, k, p}",republican,T316
317,"{B, E, H, K, N, P, T, V, Y, ], _, b, e, h, k, o}",democrat,T317
318,"{A, E, H, K, N, Q, S, V, Y, \, `, c, f, i, k, n}",democrat,T318
319,"{B, E, G, K, N, Q, S, V, Y, ], `, c, f, i, k, p}",democrat,T10
320,"{A, E, G, K, N, Q, S, V, Y, ], `, c, f, i, k, p}",democrat,T10
321,"{B, D, G, K, N, P, T, V, Y, \, `, c, e, h, l, n}",democrat,T300
322,"{A, D, G, K, N, Q, S, V, Y, \, `, c, e, i, l, n}",democrat,T99
323,"{A, D, G, K, O, P, T, X, Z, ], _, c, e, h, l, p}",democrat,T290
324,"{A, D, G, K, M, P, T, V, [, \, `, c, e, h, l, p}",democrat,T290
325,"{B, D, H, J, M, P, T, W, Z, ], _, b, e, h, l, o}",republican,T325
326,"{B, D, H, K, M, P, T, W, [, ], `, b, e, h, l, n}",democrat,T161
327,"{A, D, H, J, N, Q, S, V, Y, ], _, c, f, h, l, n}",democrat,T72
328,"{B, D, H, J, M, P, T, W, Z, ], `, b, e, h, l, n}",republican,T6
329,"{A, D, G, K, N, Q, S, V, Y, ], _, c, f, i, l, n}",democrat,T10
330,"{A, F, G, K, N, P, S, V, Y, \, `, c, f, i, k, p}",democrat,T131
331,"{B, D, H, J, M, P, T, W, Z, \, `, b, e, h, l, o}",republican,T16
332,"{A, F, G, K, N, Q, S, V, Y, ], `, c, f, i, k, p}",democrat,T10
333,"{A, E, G, K, N, Q, S, V, Y, ], _, c, f, i, k, p}",democrat,T10
334,"{B, E, G, K, N, Q, S, V, Y, ], `, c, f, i, k, n}",democrat,T26
335,"{B, D, G, K, N, P, S, V, [, ], _, b, f, i, k, n}",democrat,T335
336,"{B, E, H, J, M, P, T, W, Z, \, _, b, e, h, l, p}",republican,T90
337,"{B, E, G, K, N, P, S, V, Z, ], _, c, f, h, m, n}",democrat,T193
338,"{A, E, G, K, N, Q, S, V, Y, ], `, c, f, i, k, n}",democrat,T44
339,"{A, E, G, K, N, Q, S, V, Y, \, `, c, f, h, k, n}",democrat,T26
340,"{A, E, H, J, M, P, T, W, Z, ], _, b, e, h, l, o}",republican,T340
341,"{B, E, H, J, M, P, T, W, Z, \, _, b, f, h, l, n}",republican,T1
342,"{B, F, G, L, N, P, S, V, Y, \, _, c, g, j, k, n}",democrat,T342
343,"{B, D, G, K, M, R, S, W, Z, \, _, c, e, i, k, n}",democrat,T4
344,"{B, E, H, J, M, Q, S, W, Y, \, `, c, f, h, l, n}",republican,T240
345,"{B, E, G, K, N, Q, S, V, Y, \, _, c, f, i, k, n}",democrat,T26
346,"{B, E, H, J, M, P, S, W, Z, \, `, b, f, h, k, n}",republican,T240
347,"{B, E, H, J, M, P, T, W, Z, \, `, b, e, h, l, n}",republican,T1
348,"{A, E, H, J, M, P, T, W, Z, \, `, b, e, h, l, o}",republican,T283
349,"{A, E, G, K, N, Q, S, V, Y, \, `, b, f, i, k, p}",democrat,T10
350,"{B, D, G, J, M, P, S, V, Y, ], `, b, e, h, l, n}",republican,T350
351,"{B, D, H, K, N, P, S, W, Y, ], _, c, f, i, k, n}",democrat,T193
352,"{B, E, G, J, M, P, S, V, Y, \, `, b, e, h, k, n}",republican,T352
353,"{B, D, H, J, N, P, S, V, Y, ], _, c, e, i, k, p}",democrat,T353
354,"{B, E, G, J, M, P, S, W, Z, \, _, b, e, h, l, n}",republican,T1
355,"{B, D, G, K, N, P, S, V, Y, \, `, d, f, i, k, n}",democrat,T26
356,"{A, E, G, J, N, Q, T, V, Y, \, `, c, f, h, k, n}",republican,T356
357,"{B, E, H, J, M, P, T, W, Z, ], `, b, e, h, l, o}",republican,T11
358,"{B, E, H, J, M, P, T, W, Z, ], `, b, e, h, l, o}",republican,T11
359,"{A, D, G, K, N, P, S, V, Y, \, _, b, e, h, l, p}",democrat,T290
360,"{B, E, H, J, M, P, T, W, Z, \, a, b, e, h, l, n}",republican,T360
361,"{A, E, G, K, N, P, S, V, Y, \, `, c, e, i, l, n}",democrat,T361
362,"{A, E, G, K, M, P, S, W, Y, \, `, c, e, h, l, p}",democrat,T362
363,"{A, D, G, K, N, P, S, V, Y, \, _, b, e, i, l, n}",democrat,T363
364,"{A, D, H, J, M, P, T, W, Z, \, _, c, e, i, l, o}",republican,T364
365,"{A, D, H, J, M, P, T, W, Z, ], _, c, e, h, l, n}",republican,T6
366,"{B, D, H, K, M, P, T, W, Z, \, _, c, e, h, l, o}",democrat,T16
367,"{A, E, G, K, N, Q, S, V, Z, \, _, c, f, i, l, p}",democrat,T367
368,"{A, D, G, K, M, P, S, V, Z, \, _, c, f, i, k, p}",democrat,T14
369,"{B, D, G, K, N, P, S, V, Z, \, `, c, f, i, k, n}",democrat,T26
370,"{B, D, H, J, M, P, T, W, Z, ], `, c, e, h, l, n}",republican,T6
371,"{A, D, G, K, O, P, S, V, Z, \, a, d, f, i, k, n}",democrat,T371
372,"{A, D, G, K, O, Q, S, V, Y, \, `, c, f, i, k, p}",democrat,T61
373,"{B, D, G, J, M, P, T, W, Z, ], _, b, g, h, l, o}",democrat,T325
374,"{B, D, G, L, M, P, T, V, Z, \, a, c, e, h, m, n}",democrat,T374
375,"{B, D, H, J, M, P, T, W, Z, ], `, b, e, h, l, n}",republican,T6
376,"{B, D, H, J, M, P, T, W, Z, ], _, b, f, h, l, o}",democrat,T325
377,"{A, F, G, K, N, Q, S, V, Y, ], _, c, f, i, k, n}",democrat,T377
378,"{B, D, H, J, M, P, U, X, Z, ], a, d, e, j, m, p}",republican,T378
379,"{B, E, H, J, M, P, T, W, Z, ], `, b, e, h, l, n}",republican,T224
380,"{B, E, H, J, M, P, T, W, Z, ], `, b, e, h, l, n}",republican,T224
381,"{A, D, G, K, N, P, U, V, Y, ], _, c, e, i, k, n}",democrat,T288
382,"{A, D, G, K, M, P, S, V, Y, \, _, c, e, h, l, p}",democrat,T290
383,"{A, D, H, J, M, P, T, W, Z, ], _, c, e, h, l, p}",democrat,T6
384,"{A, D, G, K, M, P, T, V, Y, \, _, c, f, i, l, n}",democrat,T384
385,"{A, D, G, J, M, P, T, W, Z, ], _, b, e, h, l, n}",democrat,T6
386,"{A, D, H, K, M, P, T, W, Z, ], _, b, e, h, k, o}",democrat,T386
387,"{B, F, G, K, M, P, T, V, Z, ], _, c, f, i, l, p}",democrat,T222
388,"{A, D, G, K, M, P, T, V, Y, ], _, c, f, h, l, p}",democrat,T388
389,"{B, D, G, J, M, P, T, W, Z, ], `, b, e, h, l, p}",democrat,T389
390,"{A, E, G, K, N, Q, S, V, Y, ^, _, c, f, i, k, p}",democrat,T10
391,"{C, F, H, K, O, P, U, W, Z, ], _, b, f, h, l, p}",democrat,T391
392,"{A, D, H, K, N, Q, T, V, Y, ], _, c, f, i, k, o}",democrat,T10
393,"{A, D, H, J, M, P, T, W, Z, ], _, b, e, h, l, n}",republican,T6
394,"{C, F, I, L, N, P, T, V, Y, ], `, b, e, i, l, p}",republican,T394
395,"{A, D, I, L, O, P, T, W, Z, ], _, c, e, i, l, n}",democrat,T395
396,"{A, D, G, L, N, Q, T, V, Z, ], _, d, f, i, k, n}",democrat,T396
397,"{A, D, G, K, M, P, T, V, Z, ], _, c, e, i, k, n}",democrat,T4
398,"{A, D, H, K, M, R, T, W, Z, ], _, c, e, h, l, n}",democrat,T6
399,"{B, D, G, K, M, P, T, V, Z, ], `, c, f, i, l, n}",democrat,T222
400,"{B, D, H, J, O, P, T, W, Z, \, `, b, e, h, l, o}",republican,T400
401,"{B, D, H, J, M, P, T, X, Z, ], a, d, g, h, l, p}",republican,T378
402,"{B, D, H, J, M, P, T, W, Z, \, _, b, e, h, l, o}",republican,T16
403,"{C, E, G, J, N, P, S, V, Y, \, `, b, f, h, l, n}",republican,T403
404,"{B, D, H, J, M, P, T, W, Z, \, `, b, g, h, l, o}",republican,T404
405,"{A, D, H, J, M, P, T, W, Z, \, `, b, e, h, l, n}",republican,T151
406,"{B, E, H, J, M, P, T, W, Z, ], `, b, e, h, l, n}",republican,T224
407,"{A, E, G, K, M, P, T, W, Y, \, `, c, e, h, l, n}",democrat,T407
408,"{B, E, H, J, M, P, T, W, Z, ], _, b, e, h, l, o}",democrat,T340
409,"{A, E, G, K, N, P, S, V, Y, ], `, b, g, h, k, n}",democrat,T409
410,"{B, E, H, J, M, P, T, W, Z, ], `, b, e, h, l, o}",republican,T11
411,"{B, E, H, J, M, P, T, W, Z, ], _, b, e, h, l, n}",republican,T411
412,"{A, E, G, K, N, P, S, V, Y, \, _, c, f, i, l, n}",democrat,T82
413,"{B, E, H, J, M, P, T, W, Z, \, `, b, e, h, l, n}",republican,T1
414,"{A, D, G, J, M, P, S, V, Z, \, a, d, g, h, l, n}",republican,T414
415,"{A, D, G, K, N, Q, S, V, Y, ], `, c, f, i, l, n}",democrat,T10
416,"{B, D, G, K, N, P, S, V, [, \, `, c, f, i, l, n}",democrat,T416
417,"{A, D, H, J, M, P, T, W, Z, \, `, c, e, h, l, n}",republican,T151
418,"{A, D, G, K, N, Q, S, V, Y, \, _, c, e, i, l, n}",democrat,T72
419,"{A, D, G, K, N, Q, S, V, Z, \, `, c, f, i, l, n}",democrat,T99
420,"{A, D, G, K, N, Q, S, V, Y, ], `, c, f, i, l, n}",democrat,T10
421,"{A, D, G, J, M, P, S, V, Z, \, `, c, e, h, l, n}",republican,T414
422,"{B, D, G, K, M, P, S, V, Z, ], _, c, e, i, k, n}",democrat,T4
423,"{B, E, G, K, N, P, S, V, Y, ], _, c, f, i, k, n}",democrat,T26
424,"{B, D, G, K, N, P, S, V, Y, ], _, c, f, h, k, n}",democrat,T193
425,"{B, D, G, K, N, R, S, V, Y, \, _, c, g, h, k, n}",democrat,T425
426,"{B, E, G, K, N, Q, S, V, Z, \, _, c, f, i, k, p}",democrat,T179
427,"{A, E, G, K, N, Q, S, V, Y, \, `, c, f, i, k, n}",democrat,T26
428,"{B, E, H, J, M, P, S, V, Z, \, `, b, e, h, l, n}",republican,T29
429,"{C, F, I, K, N, Q, S, V, Y, \, `, c, e, i, k, n}",democrat,T429
430,"{A, E, G, K, O, Q, S, V, Y, \, `, b, f, j, k, n}",democrat,T430
431,"{B, E, G, J, M, P, T, W, Y, \, `, b, e, h, l, n}",republican,T297
432,"{B, E, G, K, N, Q, S, V, Y, \, `, c, f, i, l, n}",democrat,T26
433,"{B, F, H, J, M, P, T, W, Z, ], _, b, e, h, l, n}",republican,T433
434,"{B, E, H, J, M, P, U, X, [, ^, `, b, e, h, l, n}",republican,T434
435,"{B, D, H, J, M, P, T, W, Z, \, `, b, e, h, m, o}",republican,T435
